{"l0/W":[[-63.931180922352006,-11.652613863028511,3.1975019665931925,-52.50222227046985,5.443484905004861,26.52332118209609,-15.87243354710233,10.676288132567484,33.936701637657876,10.903027482685502],[49.48297711685792,8.186994994163019,-17.40771272758852,1.9083802408100885,-20.28361855165537,12.099781663952415,-13.489930869786606,9.056077219474854,55.63046680750482,9.339220131219662]],"l0/b":[0.10978259494438107,-6.434706523639064,-7.379873518027593,-2.112330242319891,-2.563312809939336,-4.871049673353224,-6.754603495129118,-5.595976477452831,-0.7331084899768425,-5.633432949980556],"l1/W":[[4.860959051767092,6.787925791438478,-10.86099733069497],[-24.46496432880315,-9.75997377137157,16.951955317427217],[21.23398271583081,-3.7002461370481856,-19.781816943925453],[-7.239394289440606,10.317292723817783,-3.8653591654067014],[-2.8948026846231336,-3.6572218120772466,6.0982021817551635],[5.8677182233723215,3.29791578428424,-14.164764196856144],[2.346524928425731,-16.754552514444015,11.073020163717707],[-9.667681516057117,10.452514444461043,-3.335849692135086],[7.87167107208048,-9.830498715714905,0.3117576808869167],[-11.030515389327318,11.389146131092295,-3.654255799063392]],"l1/b":[-3.944564167058846,-1.0133174958290256,5.166179184287794]}