{"rnn/x2h/W":[[0.3364771448234111,0.23023971748165262,0.7656328385006608,0.08792896234227439,0.28215940120319405,0.011104002403165647,0.8268676979502985,0.8965621668868122,0.23216760396704852,0.0807016199087006,0.13313709604835322,0.23961801279280884,0.9224392158511509,0.49311528154624323,0.7910845239882286,0.5627395463942239,0.8315305190630677,0.09763844793345948,0.4233266785262322,-0.008523150423612262,0.026233884602418794,0.24926816624788103,0.0899732563639533,0.18751200583218292,0.3250286839998366,0.9108123569131565,0.4121234178145799,0.10358809029775273,0.7669545295740198,0.14732004591976228,0.7021961811061509,0.6252698206818668,0.207276592595891,0.12813709661020942,0.250086077637631,0.8970543673996582,0.5680952816890723,0.7276752464695094,0.43104596806349166,0.8521639606857142,0.3813847330977584,0.12927236518357338,0.797433660277386,0.5906391809803319,0.10068672859599624,0.7857455956984484,0.6986785530352495,0.41761335571833774,0.05516812898961298,-0.005519371500931863,0.3509641417148715,0.05384012384175556,0.7079711829134442,0.17351057004115086,0.9440468198162189,0.8841967958335069,0.572021919309646,0.05452453433231637,0.007730195527540567,0.3983935213516724,-0.010281576228071247,0.6489521356229744,0.49953781381255236,0.5813586833298703,0.02450900182364894,0.44044785495332217,0.3984808926061744,0.8514464171526184,0.32310950518765874,0.32299702422713217,0.7223542407217851,0.7764158087477563,0.6070950392948135,0.44232531837955713,1.061580332790617,0.2433988363274006,0.010689411209564915,0.13761619774298123,0.8497976436190979,0.6154268032120784,0.21230154808009524,0.3968227491385377,0.3811124261043416,0.6511899632417808,0.14248707334980945,0.3191798229936282,0.4089013865541114,0.10801788330837438,0.06580255529453993,1.0806446755935508,1.088238727383637,0.7702212318175646,1.2073000238802138,1.187433740810134,0.15197514569862353,0.07880782111152146,0.5557882064190768,0.25183958006636614,0.3346830837469234,0.7968075391946167]],"rnn/x2h/b":[-0.01110620962401174,-0.01367069581110989,-0.012244175342789187,-0.07433571782495721,-0.010984081008936138,-0.025952335124644375,-0.014178166334030233,-0.010429059429839745,-0.002632362258191194,-0.06834092969333212,-0.012252700524975482,-0.008481067115819868,-0.0018728648435133702,-0.002889348903510345,-0.018309058768978377,-0.005901898816240796,-0.01587067566514782,-0.062412158105480196,-0.005641022284739228,-0.005900442973177048,-0.006591858910439232,-0.008462453756858727,-0.0028362611421282073,-0.004201565850919078,-0.03800033969319435,-0.008955259793896546,-0.011398368413314238,-0.0017490438557283832,-0.021048063505269193,-0.0720788625421242,-0.012158389964669005,-0.00870742134747113,-0.04868445199621532,-0.015345167682000034,-0.014824262938898554,-0.016520547536495282,-0.004619811126664936,-0.010933749813266063,-0.06186505705031614,-0.017617562660268288,-0.013647090135767433,-0.031429170254174764,-0.011735138666060236,-0.012092672312938285,-0.03684557838754984,-0.007103211860719198,-0.013516324952971616,-0.004860068773346901,-0.006993445321728439,-0.006414312486810006,-0.019795308089699624,-0.06822776832463409,-0.01145559987196949,-0.007549126726677123,-0.011488973808345012,-0.009393189205696768,-0.013044835329149655,-0.0058813879837928875,-0.019597386347012802,-0.012130978823249759,-0.021938369042648807,-0.04880893807683777,-0.008113347540999087,-0.015027969748003151,-0.0018673066253522294,-0.0037515206144376335,-0.015182953188197096,-0.00845959012645002,-0.007474851375582137,-0.00691671320253845,-0.005269690641148157,-0.01511740832957437,-0.013268567718267996,-0.058513727777603525,0.004959475880528117,-0.015753740900984567,-0.008816514106906374,-0.017362887725769532,-0.012400833206741771,-0.018421250410714674,-0.014891147976530001,-0.02044798778821503,-0.06701970457193189,-0.012983279958335365,-0.029872624646037092,-0.023276825211662532,-0.004904153254225569,-0.008716822006082736,-0.0013315635163580124,0.013061857676559334,0.011255726907605264,-0.01097598931552199,-0.0006390225335931011,0.0052740738162109155,-0.0015965741324782097,-0.049967310430715936,-0.013175617827372204,-0.012868183092331351,-0.004172029543694445,-0.017841099159334035],"rnn/h2h/W":[[0.7476561292521395,0.529897961850651,0.4392653015839414,0.15105727749842013,0.8215043308496738,0.9286661865924623,0.7570981853459575,0.8058528106320457,0.2823288373023153,0.13821145754242561,0.7995224743467807,0.8068435767526388,1.0213554420288562,0.08164379503421988,0.6392889903880686,0.05537428126175475,0.4507018671012693,0.27157198578995545,0.24766931195859052,0.7792424606748333,0.7245630199118834,0.2664505323238361,0.048882237409327206,0.07879752038079808,0.21996085129675655,0.8894943386761842,0.47933230833911517,0.22717454428815345,0.8385466166702321,0.3991166442300055,0.5824492635278193,0.2126333051992675,0.3960154724689097,0.6191665655723971,0.7535450874681748,0.517749438369999,0.06194242513465372,0.9716565409012132,0.21212641539386845,0.45211906599377083,0.6106267794139006,-0.03272378384441712,0.4304683048278123,0.4121987878739362,0.7406076569479807,0.07083416644250062,0.788004029409606,0.2910632725225364,0.8122529159711446,0.8685659812154188,0.8281083414284088,0.6236586234855235,0.526678448115968,0.33262678504272514,-0.011859422931175045,0.12837410780935968,0.8448433746123044,0.7219673120141032,0.8766281492719864,0.30990545374134953,0.6766818027848717,0.2713303478961259,0.26772168824139736,0.7694250955648014,0.0005385398958529148,0.17470816913191048,0.9449657816724423,0.06640865339086562,0.4452829037141933,0.5758672620581873,-0.0415078123177179,0.5807193312138899,0.8365119674450231,0.34516559218546455,0.8357366823363412,0.5451285152798154,0.5401247189247882,0.637754780818103,0.9077847349660585,0.39360177229318793,0.6572719652575472,0.6199490885397155,0.31972615772628604,0.7635123718292796,0.512840830964056,0.8879858032726141,0.318455471733566,0.7769263979998419,0.17676665179734022,1.3735946885791819,1.252143749816149,0.445569679111365,0.9304494052444707,1.0780400739110778,0.21604594668727983,0.0952226943475123,0.8835562924157824,0.3987497309553383,0.2901685472318784,0.3021007409938037]],