{"l0/W":[[-12.493985849866501,11.237691214760597,10.707617016445486,-12.935841858351715,-7.993343334031664,8.124781369123829,8.856325869050883,-9.126604540765493,-7.762699929925604,-8.119333459810855,-7.593607056791227,26.343933352073268,-12.83062723837484,45.399493821766065,24.946893300155796,2.577531854317202,-7.847752698282844,11.02135219297113,-7.519934613013572,-34.18188845237921],[9.250297771746919,7.303498248231677,7.0060373561165985,-16.02177445642244,6.364808490005718,5.070206703566502,5.959907450319472,12.259958617421434,4.944764788261565,12.2863559343657,3.9521676828314694,0.8985543576029335,1.225090285087527,5.99097555349907,39.82356213152083,-17.428002589334337,5.294996321448124,8.941561151540162,4.8703290529379855,34.3932562529491]],"l0/b":[-3.6325823907007635,-4.569878967457816,-5.418269899753518,-5.442344230342669,-3.7248668461071013,-4.187178652759864,-4.52104938783295,-3.615813289980208,-5.1254256127070645,-3.061546206839725,-4.9153239930013175,-4.85862034467039,-4.831506580824646,-0.9491420532350803,-0.9758921155374578,-7.657708150763346,-4.966360813669691,-5.0333514998528415,-4.936311880056908,0.30987306061562764],"l1/W":[[-2.112327195489488,1.9257426633981285,1.8784193277400072],[-0.7789395918258236,5.076195705095388,-4.470686721364366],[-1.648114125024202,4.736584706809598,-2.170224857235731],[0.2616437653815038,-6.532125243541908,6.716097144050978],[-1.3092923852581582,0.7613861809024859,1.9983195270499852],[-1.0794365903833174,3.7429972852407563,-2.533681365330278],[-1.4078554992377128,4.185744707450183,-2.3445666482731946],[-2.6599037199234044,4.456358537643556,-1.0121528942625273],[-1.0678899650464173,-1.7287020147074923,4.163951801982328],[-1.1341555189480108,4.046381039682456,-2.3251697035298364],[-0.4459056807864292,-2.122470778372155,3.506183582492171],[3.1540650768843457,2.691488008297948,-8.220405049799355],[0.2873137633182998,-2.874196511426996,3.3855449582941044],[1.2724419175399406,-7.293717068427631,5.9910930630471615],[7.670654511363155,-6.9558298119626585,-3.3054888975958763],[11.427434320518547,-3.6113840713195433,-11.599721077164723],[-1.4045887538723625,-1.33821171416404,4.363093188472058],[-1.9148667465487683,5.650303796053862,-3.232392126851194],[-1.2304130330601384,-1.6598790582610858,4.24693544503116],[3.2590077120914898,4.996888782522939,-8.2526646501878]],"l1/b":[-3.98477461199324,1.5675032368024147,3.267628662209916]}